rank,name,pos,age,level,mu_v7,mu_new,off_v7,off_new,chg,b
1,Konnor Griffin,SS,20,MLB,229808426.75253245,210049241.40932545,484078.5551370293,442456.94000833604,-0.08598111750046711,1-10
2,Jesús Made,SS,19,AA,130720280.06084517,155958631.4936334,219511.26794716547,261892.62240363393,0.19307143024051632,1-10
3,Nolan McLean,RHP,24,MLB,82406530.67148183,89864263.56387539,173584.73257494078,189294.02841827954,0.09049929455378036,1-10
4,Samuel Basallo,C,21,MLB,186477132.8596363,102255741.50253241,392803.6161093202,215395.9813419504,-0.451644606851063,1-10
5,Kevin McGonigle,3B,21,MLB,236529720.93195018,108884114.49467644,498236.5841571187,229358.27709536767,-0.5396599037716596,1-10
6,Leo De Vries,SS,19,AA,124156369.32499677,93297220.3394115,208488.85912393287,156668.81315674778,-0.2485506716518674,1-10
7,Max Clark,CF,21,AAA,9596640.799488716,78836346.29274087,18048.915467612147,148271.73171771594,7.214993969237762,1-10
8,Franklin Arias,SS,20,AA,115475322.63795358,79426015.48644702,193911.2621015396,133375.67330261166,-0.3121819132260051,1-10
9,Trey Yesavage,RHP,22,MLB,91936655.64501104,56675470.31142714,193659.4060438522,119383.69783807293,-0.3835378292390317,1-10
10,Bubba Chandler,RHP,23,MLB,82670621.11710119,52543717.4713232,174141.0242790678,110680.3923358138,-0.3644209180804855,1-10
11,Thomas White,LHP,21,AAA,85940188.83529949,64277093.26579768,161632.30821784906,120889.36609151957,-0.25207177064758546,11-25
12,Seth Hernandez,RHP,19,A+,60476685.39325535,53627413.64444414,90674.21540521599,80404.93001230601,-0.11325474774738709,11-25
13,Colt Emerson,SS,20,MLB,196899246.0064937,63292258.07862803,414757.2126109757,133321.58996525832,-0.6785551018486852,11-25
14,JJ Wetherholt,2B,23,MLB,104585158.8659739,56477462.79462243,220302.7683015954,118966.60611521671,-0.4599858774704505,11-25
15,Eli Willits,SS,18,A+,97943159.85839538,62407099.39902551,146848.64285664188,93568.53367418596,-0.36282329986848827,11-25
16,Chase DeLauter,RF,24,MLB,122521342.88354957,49476091.8154958,258084.33343649632,104218.61103319302,-0.5961838921197562,11-25
17,Payton Tolle,LHP,23,MLB,109204208.49500452,49738115.8658574,230032.53714482053,104770.54999166637,-0.5445403015934809,11-25
18,River Ryan,RHP,27,MLB,51336615.270498954,35911782.23111846,108137.69928693371,75646.15406185882,-0.30046455065463784,11-25
19,Ryan Sloan,RHP,20,AA,53569732.92506626,42128517.10067549,89956.66160215449,70744.06665284596,-0.21357612218068778,11-25
20,Bryce Eldridge,1B,21,MLB,346241594.6160295,56936700.49766732,729338.489534834,119933.96456632261,-0.8355578839081762,11-25
21,Andrew Painter,RHP,23,MLB,71750147.03764078,37138541.331149995,151137.65843866213,78230.25326586212,-0.48239072859785526,11-25
22,Josue De Paula,RF,21,AA,86459292.1227353,46146315.472242326,145186.26207687223,77490.93113698093,-0.4662654026043348,11-25
23,Alfredo Duno,C,20,AA,88139570.70688051,46331849.15417817,148007.8600901147,77802.48749036148,-0.47433543432766756,11-25
24,Luis Peña,SS,19,A+,96940974.64406948,48786142.18779971,145346.0413597377,73146.2899588639,-0.49674384472691835,11-25
25,Rainiel Rodriguez,C,19,AA,90007103.33369535,45752864.3372243,151143.90336246704,76830.23061306177,-0.4916749607239487,11-25
26,Carson Benge,CF,23,MLB,10314470.152962113,40481594.75125868,21726.852575456705,85272.20769817181,2.9247381737425613,26-50
27,Liam Doyle,LHP,22,AA,63625101.86110051,41133874.3849648,106842.08124628334,69073.8186731259,-0.3534961331022486,26-50
28,Anthony Eyanson,RHP,21,AA,45528697.048936695,34224896.98960789,76453.79900152158,57471.95867430106,-0.24827857575583323,26-50
29,Bryce Rainer,SS,20,A+,101021687.28870192,43489543.83756182,151464.35645819473,65204.966842337046,-0.5695028958160588,26-50
30,Aidan Miller,SS,22,AAA,97911642.3604953,40602262.60135353,184147.66095588406,76362.84620808807,-0.5853173164855883,26-50
31,Jarlin Susana,RHP,22,AA,41803429.34336328,31782972.288456567,70198.16493225226,53371.37086090493,-0.2397041872474408,26-50
32,Sebastian Walcott,SS,20,AA,84770626.19520137,41532736.67570692,142350.57966615818,69743.60584873753,-0.5100574510318059,26-50
33,Walker Jenkins,CF,21,AAA,6865757.559086425,38175297.795631565,12912.797341719002,71798.32373229846,4.5602455325718285,26-50
34,Carter Jensen,C,22,MLB,115418873.77786702,36605082.96269388,243123.38082405555,77106.55314799795,-0.68285011138522,26-50
35,Caleb Bonemer,3B,20,AA,97029247.21153127,44998946.47878462,162935.7975170214,75564.21844603553,-0.5362331691527666,26-50
36,Sal Stewart,3B,22,MLB,144525166.08651826,42124202.80911863,304434.1522577782,88732.26939626412,-0.7085337872305126,26-50
37,Ryan Waldschmidt,LF,23,MLB,28564748.568242963,34323815.566035785,60170.0399335561,72301.19139142221,0.20161448241121604,26-50
38,Noah Schultz,LHP,22,MLB,91478717.23976359,35057942.981796116,192694.78449064583,73847.58959678665,-0.616763942044464,26-50
39,Brandon Sproat,RHP,25,MLB,47211949.23900224,26371940.088915326,99449.32174932583,55551.01192241964,-0.44141386843800956,26-50
40,Connelly Early,LHP,24,MLB,73968202.3607373,32465294.890387267,155809.8675094582,68386.32188000505,-0.5610912006208223,26-50
41,Kade Anderson,LHP,21,AA,55668875.454661995,34739793.796560295,93481.63445303043,58336.59613455941,-0.375956609275264,26-50
42,Dylan Beavers,LF,24,MLB,24396017.669870958,31504778.29209131,51388.842226597895,66363.04756557387,0.2913902063204219,26-50
43,Moisés Ballesteros,C,22,MLB,102786341.85481438,32797654.81577326,216513.6612091227,69086.41941228377,-0.6809142710604497,26-50
44,Ralphy Velazquez,1B,21,AAA,153618459.96417594,39377450.61549961,288918.4513716395,74059.27681768496,-0.7436671958260583,26-50
45,Angel Genao,SS,22,AAA,80710858.12251845,33588888.95291,151797.22634292868,63172.41939433464,-0.583836800472096,26-50
46,Eduardo Quintero,CF,20,A+,6650825.47267688,33558046.23091698,9971.749900156676,50314.42270246701,4.045696412991312,26-50
47,Josuar Gonzalez,SS,18,CPX/DSL/R,62891403.75211941,36581454.01039008,62151.28478765864,41315.37821893774,-0.33524498552052906,26-50
48,Ethan Salas,C,20,AA,63875402.01108805,32843480.6357765,107262.39631342942,55152.223318384335,-0.4858195862301541,26-50
49,Arjun Nimmala,SS,20,AA,68101399.65599485,34028902.19329888,114358.87821312732,57142.835555617305,-0.5003200761630255,26-50
50,George Lombard Jr.,SS,21,AAA,67305231.65146558,32829942.77960433,126584.54786283929,61745.028746641394,-0.5122230178240614,26-50
51,Parker Messick,LHP,25,MLB,58475325.710018426,28222780.279994998,123174.992235401,59449.70292408683,-0.5173557404373781,51-100
52,Jonny Farmelo,CF,21,A+,6842098.092632486,30861733.96694593,10258.529749782974,46271.773912553304,3.510565845318352,51-100
53,Tyler Bremner,RHP,22,A+,48964228.15139703,24732322.09873349,73413.29872296641,37081.7925431781,-0.49488998331064604,51-100
54,Elmer Rodríguez,RHP,22,MLB,51496959.67183749,24517055.37792889,108475.4557705454,51643.80136652915,-0.523912566214337,51-100
55,Travis Bazzana,2B,23,MLB,61678941.78003764,29782607.291366506,129923.2297143453,62735.390993051915,-0.5171349178204345,51-100
56,Kaelen Culpepper,SS,23,AAA,78762454.94018756,29532686.185942993,148132.76030012438,55543.70197225686,-0.6250410654623424,51-100
57,Jefferson Rojas,SS,21,AA,58629375.7083634,30878542.16516305,98453.03723877581,51852.611850892405,-0.47332643760765347,51-100
58,Joe Mack,C,23,MLB,77177202.02814415,27770821.500547305,162569.44523419626,58497.67711707789,-0.6401680707416662,51-100
59,Emil Morales,SS,19,A+,61763967.18875492,32033255.3625316,92604.26937648338,48028.26540484334,-0.4813601389199017,51-100
60,Carlos Lagrange,RHP,23,AAA,39985633.465935715,22729714.000219684,75203.11882299972,42748.98843924869,-0.43155298465926695,51-100
61,Theo Gillen,CF,20,AA,4781723.15389261,29408442.769253165,8029.680719737738,49383.956013754236,5.150176792504794,51-100
62,Jonah Tong,RHP,23,MLB,42314542.424848616,22383808.592683725,89133.20911579463,47150.236721642555,-0.47101380967458717,51-100
63,Luis De León,LHP,23,AA,38191785.63177972,26954378.7737803,64133.333292248906,45262.98336116357,-0.29423622572516417,51-100
64,Hagen Smith,LHP,22,AAA,48826651.89028306,27472935.574226193,91830.89488784404,51669.818865449364,-0.4373373043074954,51-100
65,Braden Montgomery,RF,23,MLB,71560716.4945952,26372329.53433608,150738.63362972823,55551.83226734453,-0.6314691799329886,51-100
66,Charlie Condon,LF,23,AAA,18107000.129505187,26184693.562114555,34054.80329397064,49246.95323316809,0.44610887363096885,51-100
67,Zyhir Hope,RF,21,AA,48428895.40045746,27412077.755759243,81323.94016970356,46031.57170740609,-0.4339726824432113,51-100
68,Lazaro Montes,RF,21,AAA,50152222.77974405,27222803.090720654,94323.96693566763,51199.38132956328,-0.4571964794007962,51-100
69,JR Ritchie,RHP,23,MLB,38666530.870827354,21291522.778551947,81448.87748727943,44849.397948350015,-0.44935523567707203,51-100
70,Yolfran Castillo,SS,19,A+,53605182.44013136,29571788.628815897,80371.5982085627,44337.72642483168,-0.44834086402293305,51-100
71,Caden Scarborough,RHP,21,A+,34939877.26437485,22148890.140892062,52386.23672412875,33208.388035196294,-0.3660856340936448,51-100
72,Didier Fuentes,RHP,21,MLB,44837640.88037848,22004484.73661818,94447.97442741045,46351.21230479231,-0.5092408007075229,51-100
73,Gage Jump,LHP,23,MLB,53088916.06829593,25159731.016314097,111828.82258623927,52997.56153471607,-0.5260831661368354,51-100
74,Jake Bloss,RHP,25,MLB,30080131.69272678,19545577.67167403,63362.10944878366,41171.662555312636,-0.3502163530620429,51-100
75,Kendry Rojas,LHP,23,MLB,51738862.40667005,24843693.43316281,108985.01030697474,52331.846100418195,-0.5198252864956687,51-100
76,Jeferson Quero,C,23,MLB,61207717.55144969,24473138.731276184,128930.62231981292,51551.29341476028,-0.6001625332507348,51-100
77,Pedro Ramírez,2B,22,MLB,51006334.32606618,26127374.51058066,107441.98101136988,55035.84825557994,-0.4877621602141172,51-100
78,Caden Bodine,C,22,AA,39531494.29715297,24824937.626211192,66383.03125555655,41687.13173275375,-0.37202126892534226,51-100
79,Jhonny Level,2B,19,A+,33987317.0948621,27945426.095803488,50958.0393049881,41899.28017589445,-0.17776898900831384,51-100
80,Michael Arroyo,2B,21,AAA,32560840.687664133,26351601.68911364,61238.91405389962,49560.86627190811,-0.19069651972784885,51-100
81,Felnin Celesten,SS,20,A+,51707443.52522239,26900371.246593308,77526.27052510294,40332.40315723235,-0.4797582434437788,51-100
82,Brody Hopkins,RHP,24,AAA,33865918.18731287,19128137.754570555,63693.44308775672,35975.31142391804,-0.4351802998881483,51-100
83,Dax Kilby,SS,19,A,41258463.30712173,27307283.730876055,55232.01043851263,36555.80114179463,-0.338141037207208,51-100
84,Luis Hernández,SS,17,CPX/DSL/R,34187626.81239126,28628251.61420794,33785.299794004335,32332.969675070144,-0.0429870425240958,51-100
85,Josh Hammond,SS,19,A,40209258.62211417,27004882.24880159,53827.45778508234,36150.9813672376,-0.32839144082230043,51-100
86,Taitn Gray,1B,18,A,105423465.63052988,31156893.636096753,141128.6191350836,41709.209131971766,-0.7044595958807681,51-100
87,Eduardo Tait,C,19,A+,39875077.691956244,25534759.8597334,59785.70684602031,38284.907659640805,-0.3596310944646919,51-100
88,Aiva Arquette,SS,22,AA,37533943.85753466,24545620.68888253,63028.656329302285,41218.0903946875,-0.34604205776912567,51-100
89,Ronny Cruz,3B,19,A+,49930761.21357815,29861748.743241068,74862.44605150449,44772.470916917235,-0.4019368417896164,51-100
90,Dorian Soto,SS,18,CPX/DSL/R,36146908.45051783,26996481.96185023,35721.52420315232,30490.036358800233,-0.14645197709369928,51-100
91,Michael Forret,RHP,22,AAA,23855584.580417998,19207437.912960317,44866.473437807086,36124.45547184587,-0.19484522174623797,51-100
92,Tanner McDougal,RHP,23,AAA,26479650.983478785,18611235.59912497,49801.69542639798,35003.14590229501,-0.2971495126300223,51-100
93,Jack Wenninger,RHP,24,AAA,29392359.421886176,18034536.047997456,55279.7819240625,33918.51622134822,-0.3864209473919077,51-100
94,Karson Milbrandt,RHP,22,AAA,22951421.524362724,18918271.89299242,43165.965634227636,35580.60547687841,-0.17572548293312262,51-100
95,Logan Henderson,RHP,24,MLB,25197672.32029046,17855963.580502268,53077.48276244664,37612.58528581655,-0.29136456123672483,51-100
96,Connor Prielipp,LHP,25,MLB,32754089.96291665,20995548.96269472,68994.65249440528,44225.94571396854,-0.35899458704347,51-100
97,David Davalillo,RHP,23,AAA,24828175.105756138,18156246.16504018,46695.67644156688,34147.42294610281,-0.26872409721200763,51-100
98,Trey Gibson,RHP,24,MLB,24242642.09104617,17598207.6527092,51065.76517655238,37069.63688802593,-0.27408045762433775,51-100
99,Khal Stephen,RHP,23,AA,16617345.892231816,17983771.97425458,27904.58117916033,30199.144208563892,0.08222890050459464,51-100
100,Jimmy Crooks,C,24,MLB,40927798.27536048,20963992.729170173,86212.11038275372,44159.47427884323,-0.48778107759119305,51-100
