Rank,Name,2003,2004,2005,2006,2007,2008,2009,2010,2011,2012,2013,2014,2015,2016,2017,2018,2019,2020,2021,2022,2023,2024,2025,2026,2027,2028,2029,2030,2031,2032,2033,2034,2035,2036,2037,2038,2039,Career
1,Delmon Young,,,,"$500,000.00","$600,000.00",,"$1,152,000.00","$2,600,000.00","$5,375,000.00","$6,750,000.00","$830,327.00","$1,000,000.00","$2,250,000.00",,,,,,,,,,,,,,,,,,,,,,,,,"$21,057,327"
2,Justin Upton,,,,,"$380,000.00","$393,000.00","$412,000.00","$1,750,000.00","$4,250,000.00","$6,750,000.00","$9,750,000.00","$14,250,000.00",,"$22,125,000.00","$22,125,000.00","$16,000,000.00","$18,000,000.00","$7,777,778.00","$23,000,000.00","$27,607,687.00",,,,,,,,,,,,,,,,,,"$174,570,465"
3,Brandon Wood,,,,,,,,,,"$580,000.00",,,,,,,,,,,,,,,,,,,,,,,,,,,,"$580,000"
4,Jeremy Hermida,,,,"$327,000.00","$380,000.00","$395,000.00","$2,250,000.00","$3,345,000.00","$375,540.00",,,,,,,,,,,,,,,,,,,,,,,,,,,,,"$7,072,540"
5,Stephen Drew,,,"$4,300,000.00","$300,000.00","$1,500,000.00","$1,500,000.00","$3,500,000.00","$3,400,000.00","$4,650,000.00","$7,750,000.00","$11,350,000.00","$10,093,443.00","$5,000,000.00","$3,000,000.00","$3,500,000.00",,,,,,,,,,,,,,,,,,,,,,,"$59,843,443"
6,Francisco Liriano,,,"$316,000.00","$327,000.00","$327,000.00","$410,000.00","$430,000.00","$1,600,000.00","$4,300,000.00","$5,500,000.00","$1,000,000.00","$6,000,000.00","$13,000,000.00","$13,000,000.00","$13,000,000.00","$4,000,000.00","$1,800,000.00",,,,,,,,,,,,,,,,,,,,,"$65,010,000"
7,Chad Billingsley,,,,"$327,000.00","$384,500.00","$415,000.00","$475,000.00","$3,850,000.00","$6,275,000.00","$9,000,000.00","$11,000,000.00","$12,000,000.00","$4,500,000.00",,,,,,,,,,,,,,,,,,,,,,,,,"$48,226,500"
8,Justin Verlander,,,"$3,466,000.00","$350,000.00","$400,000.00","$500,000.00","$3,975,000.00","$7,250,000.00","$13,250,000.00","$20,000,000.00","$20,000,000.00","$20,000,000.00","$28,000,000.00","$28,000,000.00","$28,000,000.00","$28,100,000.00","$36,075,000.00","$12,222,222.00","$33,000,000.00","$25,000,000.00","$43,333,333.00","$43,333,333.00","$15,000,000.00","$2,000,000.00",,,,"$1,100,000.00","$1,100,000.00","$1,100,000.00","$1,100,000","$1,100,000","$1,100,000","$1,100,000","$1,100,000","$1,100,000","$1,100,000","$422,254,888"
9,Lastings Milledge,,,,,"$383,000.00","$402,500.00","$452,000.00","$452,000.00","$500,000.00",,,,,,,,,,,,,,,,,,,,,,,,,,,,,"$2,189,500"
10,Matt Cain,,,,"$328,000.00","$650,000.00","$950,000.00","$2,900,000.00","$4,583,333.00","$7,333,333.00","$16,266,666.00","$20,833,333.00","$20,833,333.00","$20,833,333.00","$20,833,333.00","$20,833,334.00","$7,500,000.00",,,,,,,,,,,,,,,,,,,,,,"$144,677,998"
11,Prince Fielder,,,"$190,279.00","$329,500.00","$415,000.00","$670,000.00","$7,500,000.00","$10,500,000.00","$15,500,000.00","$23,150,000.00","$23,050,000.00","$24,000,000.00","$24,050,000.00","$24,000,000.00","$15,000,000.00","$15,000,000.00","$15,000,000.00","$15,000,000.00",,,,,,,,,,,,,,,,,,,,"$213,354,779"
12,Howie Kendrick,,,,"$327,500.00","$395,000.00","$432,500.00","$465,000.00","$1,750,000.00","$3,350,000.00","$5,900,000.00","$8,750,000.00","$9,350,000.00","$9,500,000.00","$5,000,000.00","$10,000,000.00","$8,000,000.00","$9,000,000.00","$3,731,481.00",,,,,,,,,,,,,,,,,,,,"$75,951,481"
13,Alex Gordon,,,,,"$380,000.00","$406,000.00","$457,000.00","$1,150,000.00","$1,400,000.00","$6,025,000.00","$9,050,000.00","$10,800,000.00","$14,000,000.00","$12,000,000.00","$16,000,000.00","$20,000,000.00","$24,000,000.00","$1,481,481.00",,,,,,,,,,,,,,,,,,,,"$117,149,481"
14,Andy Marte,,,,,,,,,,,,,,,,,,,,,,,,,,,,,,,,,,,,,,$0
15,Ryan Zimmerman,,,,"$327,000.00","$400,000.00","$465,000.00","$4,025,000.00","$6,425,000.00","$8,925,000.00","$12,175,000.00","$14,175,000.00","$14,000,000.00","$14,000,000.00","$14,000,000.00","$14,000,000.00","$14,000,000.00","$20,000,000.00",,"$1,000,000.00",,,,,,,,,,,,,,,,,,,"$137,917,000"
16,Ian Stewart,,,,,,,,,,,"$2,000,000.00","$900,000.00",,,,,,,,,,,,,,,,,,,,,,,,,,"$2,900,000"
17,Conor Jackson,"$1,500,000.00",,"$316,000.00","$328,000.00","$392,000.00","$419,500.00","$3,050,000.00","$3,100,000.00","$3,200,000.00",,,,,,,,,,,,,,,,,,,,,,,,,,,,,"$12,305,500"
18,Jarrod Saltalamacchia,,,,,,"$396,710.00","$410,890.00","$418,580.00","$750,000.00","$2,500,000.00","$4,500,000.00","$6,000,000.00","$7,415,983.00","$8,000,000.00","$1,250,000.00","$76,890.00",,,,,,,,,,,,,,,,,,,,,,"$31,719,053"
19,Andy LaRoche,,,,,,"$392,500.00","$413,500.00","$451,000.00","$600,000.00",,,,,,,,,,,,,,,,,,,,,,,,,,,,,"$1,857,000"
20,Carlos Quentin,,,,"$327,000.00","$381,000.00","$400,000.00","$550,000.00","$3,200,000.00","$5,050,000.00","$7,025,000.00","$9,500,000.00","$9,500,000.00","$8,000,000.00",,,,,,,,,,,,,,,,,,,,,,,,,"$43,933,000"
21,Nick Markakis,,,,"$327,000.00","$400,000.00","$455,000.00","$5,100,000.00","$6,750,000.00","$10,325,000.00","$12,000,000.00","$15,000,000.00","$15,000,000.00","$14,500,000.00","$10,525,000.00","$10,500,000.00","$10,550,000.00","$6,000,000.00","$1,481,481.00",,,,,,,,,,,,,,,,,,,,"$118,913,481"
22,Jon Lester,,,,"$196,903.00","$384,000.00","$421,500.00","$1,000,000.00","$3,800,000.00","$5,800,000.00","$7,625,000.00","$11,625,000.00","$13,050,000.00","$30,000,000.00","$20,000,000.00","$20,000,000.00","$22,500,000.00","$25,000,000.00","$28,055,556.00","$2,000,000.00",,"$3,000,000.00",,,,,,,,,,,,,,,,,"$194,457,959"
23,Chris Young,,,,,"$380,000.00","$406,000.00","$1,950,000.00","$3,450,000.00","$5,200,000.00","$7,200,000.00","$8,700,000.00","$8,323,770.00","$2,500,000.00","$6,500,000.00","$6,500,000.00","$2,000,000.00",,,,,,,,,,,,,,,,,,,,,,"$53,109,770"
24,Bobby Jenks,,,,,,,,,,,,,,,,,,,,,,,,,,,,,,,,,,,,,,$0
25,Troy Tulowitzki,,,,"$68,706.00","$381,000.00","$750,000.00","$1,000,000.00","$3,600,000.00","$5,575,000.00","$8,275,000.00","$10,025,000.00","$16,025,000.00","$21,999,999.00","$20,000,000.00","$20,000,000.00","$20,000,000.00","$19,999,985.00","$14,000,000.00","$4,000,000.00",,,,,,,,,,,,,,,,,,,"$165,699,690"
26,Joel Guzman,,,,,,,,,,,,,,,,,,,,,,,,,,,,,,,,,,,,,,$0
27,Felix Pie,,,,,,"$401,500.00","$410,000.00",,"$985,000.00",,,,,,,,,,,,,,,,,,,,,,,,,,,,,"$1,796,500"
28,Daric Barton,"$975,000.00",,,,,,,,,,,"$1,250,000.00",,,,,,,,,,,,,,,,,,,,,,,,,,"$2,225,000"
29,Billy Butler,,,,,,"$399,000.00","$421,000.00","$470,000.00","$5,000,000.00","$8,000,000.00","$8,000,000.00","$8,000,000.00","$11,000,000.00","$10,049,914.00","$10,000,000.00",,,,,,,,,,,,,,,,,,,,,,,"$61,339,914"
30,Hanley Ramirez,,,,"$327,000.00","$402,000.00","$439,000.00","$5,550,000.00","$7,050,000.00","$11,000,000.00","$15,000,000.00","$15,500,000.00","$16,000,000.00","$22,000,000.00","$22,000,000.00","$22,000,000.00","$22,000,000.00","$123,648.00",,,,,,,,,,,,,,,,,,,,,"$159,391,648"
31,Cameron Maybin,,,,,"$91,935.00","$390,000.00","$400,000.00","$405,000.00","$429,100.00","$1,000,000.00","$3,000,000.00","$5,000,000.00","$7,000,000.00","$8,000,000.00","$9,000,000.00","$3,250,000.00","$471,472.00","$555,556.00","$36,804.00",,,,,,,,,,,,,,,,,,,"$39,029,867"
32,Carlos Gonzalez,,,,,"$380,000.00",,"$403,000.00","$406,000.00","$1,428,571.00","$5,050,000.00","$7,550,000.00","$10,500,000.00","$16,050,000.00","$17,050,000.00","$20,000,000.00","$8,000,000.00","$539,950.00",,,,,,,,,,,,,,,,,,,,,"$87,357,521"
33,Jeff Clement,,,,,,,,,,"$480,000.00",,,,,,,,,,,,,,,,,,,,,,,,,,,,"$480,000"
34,Scott Olsen,,,"$316,000.00","$327,000.00","$380,000.00","$405,000.00","$2,800,000.00","$1,000,000.00","$450,000.00","$100,000.00",,,,,,,,,,,,,,,,,,,,,,,,,,,,"$5,778,000"
35,Joel Zumaya,,,,"$327,000.00","$410,000.00","$420,000.00","$735,000.00","$915,000.00","$1,400,000.00","$850,000.00",,,,,,,,,,,,,,,,,,,,,,,,,,,,"$5,057,000"
36,Mike Pelfrey,,,,"$3,975,000.00","$425,000.00","$425,000.00","$425,000.00","$500,000.00","$3,925,000.00","$5,687,500.00","$4,000,000.00","$5,500,000.00","$5,500,000.00","$8,000,000.00","$8,535,000.00",,,,,,,,,,,,,,,,,,,,,,,"$46,897,500"
37,Jonathan Papelbon,,,,"$335,400.00","$450,500.00","$800,000.00","$6,300,000.00","$9,350,000.00","$12,000,000.00","$11,000,058.00","$13,000,000.00","$13,000,000.00","$13,000,000.00","$8,000,000.00","$3,000,000.00",,,,,,,,,,,,,,,,,,,,,,,"$90,235,958"
38,Homer Bailey,,,,,"$380,000.00","$390,000.00","$400,500.00","$418,000.00","$441,000.00","$2,500,000.00","$5,350,000.00","$9,000,000.00","$10,000,000.00","$18,000,000.00","$19,000,000.00","$21,000,000.00","$23,000,000.00","$7,592,593.00",,,,,,,,,,,,,,,,,,,,"$117,472,093"
39,Phil Hughes,,,,,"$380,000.00","$406,350.00","$407,650.00","$447,000.00","$2,700,000.00","$3,200,000.00","$7,150,000.00","$8,500,000.00","$9,200,000.00","$9,200,000.00","$13,200,000.00","$13,200,000.00","$13,200,000.00",,,,,,,,,,,,,,,,,,,,,"$81,191,000"
40,Anibal Sanchez,,,,"$176,913.00","$70,788.00","$390,000.00","$400,000.00","$1,250,000.00","$3,700,000.00","$8,000,000.00","$12,000,000.00","$15,000,000.00","$16,000,000.00","$16,000,000.00","$16,000,000.00","$6,403,226.00","$10,000,000.00","$5,148,148.00","$4,000,000.00","$2,000,000.00",,,,,,,,,,,,,,,,,,"$116,539,075"
41,Anthony Reyes,,,,,,,,,,,,,,,,,,,,,,,,,,,,,,,,,,,,,,$0
42,Russell Martin,,,,,"$387,500.00","$500,000.00","$3,900,000.00","$5,050,000.00","$4,075,000.00","$7,500,000.00","$8,500,000.00","$8,500,000.00","$7,000,000.00","$15,000,000.00","$20,000,000.00","$20,000,000.00","$20,000,000.00",,,,,,,,,,,,,,,,,,,,,"$120,412,500"
43,Neil Walker,,,,,,,"$400,000.00",,"$437,000.00","$500,000.00","$3,300,000.00","$5,750,000.00","$8,000,000.00","$10,550,000.00","$17,200,000.00","$4,000,000.00","$2,000,000.00","$281,928.00",,,,,,,,,,,,,,,,,,,,"$52,418,928"
44,Mark Rogers,,,,,,,,,,,,,,,,,,,,,,,,,,,,,,,,,,,,,,$0
45,Adam Loewen,,,,,"$1,020,000.00","$816,000.00",,,,,,,"$160,846.00","$47,141.00",,,,,,,,,,,,,,,,,,,,,,,,"$2,043,987"
46,Erick Aybar,,,,"$327,500.00","$382,500.00","$415,000.00","$485,000.00","$2,150,000.00","$3,075,000.00","$5,075,000.00","$9,500,000.00","$8,550,000.00","$8,500,000.00","$11,250,000.00","$1,750,000.00",,,,,,,,,,,,,,,,,,,,,,,"$51,460,000"
47,Adam Miller,,,,,,,,,,,,,,,,,,,,,,,,,,,,,,,,,,,,,,$0
48,Dustin McGowan,,,"$316,000.00",,"$380,000.00","$404,100.00","$419,400.00","$500,000.00","$450,000.00","$600,000.00","$1,500,000.00","$1,500,000.00","$670,696.00","$1,000,000.00","$1,750,000.00",,,,,,,,,,,,,,,,,,,,,,,"$9,490,196"
49,Ryan Braun,,,,,"$380,000.00","$2,755,000.00","$745,000.00","$1,000,000.00","$4,000,000.00","$8,500,000.00","$11,000,000.00","$12,500,000.00","$14,500,000.00","$19,000,000.00","$19,000,000.00","$19,000,000.00","$18,000,000.00","$5,555,556.00","$4,000,000.00","$1,800,000.00","$1,800,000.00","$1,800,000.00","$1,800,000.00","$1,800,000.00","$1,800,000.00","$1,800,000.00","$1,800,000.00","$1,800,000.00","$1,800,000.00",,,,,,,,,"$157,935,556"
50,Andrew McCutchen,,,,,,,"$268,878.00","$422,500.00","$452,500.00","$1,850,000.00","$4,650,000.00","$7,325,000.00","$10,050,000.00","$13,000,000.00","$14,000,000.00","$14,749,996.00","$10,000,000.00","$6,296,296.00","$20,000,000.00","$11,500,000.00","$5,000,000.00","$5,000,000.00","$5,000,000.00","$427,776.00",,,,,,,,,,,,,,"$129,992,946"
51,Brian Anderson,,,,,,,,,,,,,,,,,,,,,,,,,,,,,,,,,,,,,,$0
52,Jason Hirsh,,,,,,,,,,,,,,,,,,,,,,,,,,,,,,,,,,,,,,$0
53,Jeremy Sowers,,,,,,,,,,,,,,,,,,,,,,,,,,,,,,,,,,,,,,$0
54,Craig Hansen,,,,,,,,,,,,,,,,,,,,,,,,,,,,,,,,,,,,,,$0
55,Scott Elbert,,,,,,,,,,,,"$575,000.00",,,,,,,,,,,,,,,,,,,,,,,,,,"$575,000"
56,Edinson Volquez,,,,,,,,,,,"$88,360.00",,"$7,500,000.00","$9,500,000.00","$9,000,000.00","$13,000,000.00",,"$370,370.00",,,,,,,,,,,,,,,,,,,,"$39,458,730"
57,Jered Weaver,,,,"$327,500.00","$385,000.00","$435,000.00","$465,000.00","$4,365,000.00","$7,365,000.00","$15,000,000.00","$16,000,000.00","$16,000,000.00","$18,000,000.00","$20,000,000.00","$3,000,000.00",,,,,,,,,,,,,,,,,,,,,,,"$101,342,500"
58,Jason Kubel,,,"$316,000.00","$327,000.00","$387,500.00","$1,300,000.00","$2,750,000.00","$4,100,000.00","$5,250,000.00","$7,500,000.00","$7,500,000.00","$2,163,387.00",,,,,,,,,,,,,,,,,,,,,,,,,,"$31,593,887"
59,John Danks,,,,,"$380,000.00","$400,000.00","$520,000.00","$3,450,000.00","$6,000,000.00","$8,000,000.00","$14,250,000.00","$14,250,000.00","$14,250,000.00","$14,250,000.00",,,,,,,,,,,,,,,,,,,,,,,,"$75,750,000"
60,Jeff Mathis,,,"$316,000.00","$327,000.00",,"$415,000.00","$450,000.00","$1,300,000.00","$1,700,000.00","$1,500,000.00","$1,500,000.00","$1,500,000.00","$1,500,000.00","$1,500,000.00","$2,000,000.00","$2,000,000.00","$3,250,000.00","$1,111,111.00","$164,509.00",,,,,,,,,,,,,,,,,,,"$20,533,620"
61,Elvis Andrus,,,,,,,"$400,000.00","$418,420.00","$452,180.00","$452,180.00","$4,800,000.00","$6,475,000.00","$17,000,000.00","$15,000,000.00","$15,000,000.00","$15,000,000.00","$15,000,000.00","$5,555,556.00","$14,800,000.00","$14,184,608.00","$3,000,000.00",,,,,,,,,,,,,,,,,"$127,537,944"
62,Troy Patton,,,,,,"$390,000.00","$400,000.00",,"$414,000.00","$483,500.00","$815,000.00","$1,100,820.00",,,,,,,,,,,,,,,,,,,,,,,,,,"$3,603,320"
63,Jonathan Broxton,,,"$316,000.00","$327,500.00","$390,000.00","$454,000.00","$1,975,000.00","$4,000,000.00","$7,000,000.00","$4,000,000.00","$4,000,000.00","$7,000,000.00","$9,000,000.00","$4,950,000.00","$3,750,000.00",,,,,,,,,,,,,,,,,,,,,,,"$47,162,500"
64,Adam Jones,,,,"$166,180.00","$390,000.00","$390,000.00","$460,000.00","$465,000.00","$3,250,000.00","$6,200,000.00","$10,575,000.00","$13,075,000.00","$13,075,000.00","$16,000,000.00","$16,000,000.00","$17,000,000.00","$4,500,000.00",,,,,,,,,,,,,,,,,,,,,"$101,546,180"
65,Marcus Sanders,,,,,,,,,,,,,,,,,,,,,,,,,,,,,,,,,,,,,,$0
66,Kenji Johjima,,,,,,,,,,,,,,,,,,,,,,,,,,,,,,,,,,,,,,$0
67,Dustin Nippert,,,,,,,,,,,,,,,,,,,,,,,,,,,,,,,,,,,,,,$0
68,Cole Hamels,,,,"$327,000.00","$400,000.00","$500,000.00","$4,350,000.00","$6,650,000.00","$9,550,000.00","$15,000,000.00","$25,500,000.00","$22,500,000.00","$22,500,000.00","$22,500,000.00","$22,500,000.00","$22,499,999.00","$20,000,000.00","$6,666,667.00","$322,581.00",,,,,,,,,,,,,,,,,,,"$201,766,247"
69,Yusmeiro Petit,,,,"$327,000.00","$380,000.00","$394,000.00","$411,500.00","$411,500.00","$414,000.00","$480,000.00","$120,491.00","$845,000.00","$2,100,000.00","$2,500,000.00","$2,750,000.00","$3,500,000.00","$5,500,000.00","$2,037,037.00","$3,000,000.00",,,,,,,,,,,,,,,,,,,"$25,170,528"
70,Jeff Niemann,,,,,,,,,,"$2,750,000.00","$3,000,000.00",,,,,,,,,,,,,,,,,,,,,,,,,,,"$5,750,000"
71,Brad Snyder,,,,,,,,,,,,,,,,,,,,,,,,,,,,,,,,,,,,,,$0
72,Thomas Diamond,,,,,,,,,,,,,,,,,,,,,,,,,,,,,,,,,,,,,,$0
73,Gio Gonzalez,,,,,,,"$405,000.00","$405,000.00","$420,000.00","$3,750,000.00",,"$8,500,000.00","$11,000,000.00","$12,000,000.00","$12,000,000.00","$12,000,000.00","$1,709,677.00","$2,166,667.00",,,,,,,,,,,,,,,,,,,,"$64,356,344"
74,Javier Herrera,,,,,,,,,,,,,,,,,,,,,,,,,,,,,,,,,,,,,,$0
75,Matt Moses,,,,,,,,,,,,,,,,,,,,,,,,,,,,,,,,,,,,,,$0
76,Jay Bruce,,,,,,"$390,000.00","$417,500.00","$440,000.00","$3,000,000.00","$5,000,000.00","$7,500,000.00","$10,000,000.00","$12,000,000.00","$11,999,999.00","$13,000,000.00","$10,000,000.00","$15,500,000.00","$6,314,814.00","$130,644.00",,,,,,,,,,,,,,,,,,,"$95,692,957"
77,Dustin Pedroia,,,,"$153,984.00","$380,000.00","$457,000.00","$1,750,000.00","$3,750,000.00","$5,750,000.00","$8,250,000.00","$10,250,000.00","$11,500,000.00","$10,500,000.00","$11,100,000.00","$13,000,000.00","$13,500,000.00","$12,500,000.00","$4,637,737.00","$14,000,000.00","$2,000,000.00","$2,000,000.00","$2,000,000.00","$2,500,000.00","$2,500,000.00","$2,500,000.00","$2,500,000.00",,,,,,,,,,,,"$137,478,721"
78,Kendrys Morales,,,"$3,316,000.00","$350,000.00","$400,000.00","$400,000.00","$600,000.00","$700,000.00","$2,975,000.00","$2,975,000.00","$5,250,000.00","$7,409,386.00","$7,250,000.00","$9,600,819.00","$10,000,000.00","$11,000,000.00","$10,654,570.00",,,,,,,,,,,,,,,,,,,,,"$72,880,775"
79,Jason Hammel,,,,"$327,000.00","$380,000.00","$396,300.00","$422,200.00","$1,900,000.00","$3,000,000.00","$4,750,000.00","$6,750,000.00","$6,000,000.00","$9,000,000.00","$11,000,000.00","$5,000,000.00","$9,000,000.00","$2,000,000.00",,,,,,,,,,,,,,,,,,,,,"$59,925,500"
80,Josh Johnson,,,,"$327,000.00","$382,000.00","$390,000.00","$1,400,000.00","$3,750,000.00","$7,750,000.00","$13,750,000.00","$13,750,000.00","$8,000,000.00","$1,000,000.00",,,,,,,,,,,,,,,,,,,,,,,,,"$50,499,000"
81,Hayden Penn,,,,,,,,,,,,,,,,,,,,,,,,,,,,,,,,,,,,,,$0
82,Blake DeWitt,,,,,,,,,,,,,,,,,,,,,,,,,,,,,,,,,,,,,,$0
83,Cliff Pennington,,,,,,"$390,000.00","$400,000.00","$405,000.00","$420,000.00","$490,000.00","$2,250,000.00","$2,750,000.00","$3,275,000.00","$1,500,000.00","$2,250,000.00","$233,885.00",,,,,,,,,,,,,,,,,,,,,,"$14,363,885"
84,Justin Huber,,,,,,,,,,,,,,,,,,,,,,,,,,,,,,,,,,,,,,$0
85,Mark Pawelek,,,,,,,,,,,,,,,,,,,,,,,,,,,,,,,,,,,,,,$0
86,Eric Duncan,,,,,,,,,,,,,,,,,,,,,,,,,,,,,,,,,,,,,,$0
87,Ricky Romero,,,,,,,"$400,000.00","$408,300.00","$1,000,000.00","$5,250,000.00","$7,750,000.00","$7,750,000.00","$7,750,000.00","$600,000.00",,,,,,,,,,,,,,,,,,,,,,,,"$30,908,300"
88,Cesar Carrillo,,,,,,,,,,,,,,,,,,,,,,,,,,,,,,,,,,,,,,$0
89,Andre Ethier,,,,,"$387,500.00","$424,500.00","$3,100,000.00","$6,250,000.00","$9,500,000.00","$10,950,000.00","$13,500,000.00","$15,500,000.00","$18,000,000.00","$18,000,000.00","$17,500,000.00","$2,500,000.00",,,,,,,,,,,,,,,,,,,,,,"$115,612,000"
90,Nick Adenhart,,,,,,,,,,,,,,,,,,,,,,,,,,,,,,,,,,,,,,$0
91,Glen Perkins,,,,,,"$390,000.00","$430,000.00","$500,000.00","$700,000.00","$1,550,000.00","$2,525,000.00","$4,050,000.00","$4,675,000.00","$6,300,000.00","$6,500,000.00","$700,000.00",,,,,,,,,,,,,,,,,,,,,,"$28,320,000"
92,Ryan Sweeney,,,,,"$380,000.00","$395,000.00","$410,000.00","$420,000.00","$1,400,000.00","$1,750,000.00","$398,961.00","$1,500,000.00","$1,500,000.00","$500,000.00",,,,,,,,,,,,,,,,,,,,,,,,"$8,653,961"
93,Anthony Lerew,,,,,,,,,,,,,,,,,,,,,,,,,,,,,,,,,,,,,,$0
94,Ronny Cedeno,,,,"$336,000.00","$400,000.00","$407,000.00","$822,500.00","$1,125,000.00","$1,850,000.00","$1,350,000.00","$1,148,054.00",,,,,,,,,,,,,,,,,,,,,,,,,,,"$7,438,554"
95,Tom Gorzelanny,,,,"$327,000.00","$386,000.00","$419,000.00","$433,000.00","$800,000.00","$2,100,000.00","$3,000,000.00","$2,900,000.00","$2,800,000.00","$1,000,000.00","$112,880.00",,,,,,,,,,,,,,,,,,,,,,,,"$14,277,880"
96,Matt Kemp,,,,,"$383,000.00","$406,000.00","$467,000.00","$4,000,000.00","$7,100,000.00","$12,000,000.00","$20,000,000.00","$21,000,000.00","$21,000,000.00","$21,500,000.00","$21,500,000.00","$21,500,000.00","$25,000,000.00","$370,370.00",,,,,,,,,,,,,,,,,,,,"$176,226,370"
97,Chris Volstad,,,,,,,,,,,"$1,500,000.00",,"$11,092.00",,"$70,152.00","$310,580.00",,,,,,,,,,,,,,,,,,,,,,"$1,891,824"
98,Chuck James,,,,,,,,,,,"$341,205.00","$81,900.00","$446,875.00","$564,704.00",,,,,,,,,,,,,,,,,,,,,,,,"$1,434,684"
99,Nolan Reimold,,,,,,,,"$400,000.00","$414,000.00","$490,500.00","$1,000,000.00","$1,250,000.00","$288,415.00","$1,300,000.00",,,,,,,,,,,,,,,,,,,,,,,,"$5,142,915"
100,Anthony Swarzak,,,,,,,,"$400,000.00",,"$487,500.00","$502,500.00","$935,000.00","$162,295.00","$750,000.00","$900,000.00","$6,000,000.00","$8,500,000.00",,"$220,416.00",,,,,,,,,,,,,,,,,,,"$18,857,711"